<manifest alg="2" build="2018.0.0.379" opt="false" iceEnabled="true" iceMarkupVersion="2" iceEnabledOptions="link,responsive,cachebuster,textStyling" exportTarget="other" domain="britonsenglish.com" resolutions="1x" timestamp="1536377208578">
  <folder name="css">
    <file name="site_global.css" crc="444006867"/>
    <file name="master_a-master.css" crc="154237330" ref="courses:contact-us:profile:gallery:index"/>
    <file name="courses.css" crc="4078300400" ref="courses"/>
    <file name="contact-us.css" crc="499345021" ref="contact-us"/>
    <file name="profile.css" crc="470546461" ref="profile"/>
    <file name="gallery.css" crc="273803414" ref="gallery"/>
    <file name="index.css" crc="4015275817" ref="index"/>
  </folder>
  <folder name="scripts">
    <file name="jquery-1.8.3.min.js" crc="209076791" ref="index:profile:courses:gallery:contact-us"/>
    <file name="museutils.js" crc="3803043152" ref="index:profile:courses:gallery:contact-us"/>
    <file name="whatinput.js" crc="86476730" ref="index:profile:courses:gallery:contact-us"/>
    <file name="museconfig.js" crc="380897831" ref="index:profile:courses:gallery:contact-us"/>
    <file name="jquery.watch.js" crc="99325471" ref="index:profile:courses:gallery:contact-us"/>
    <file name="jquery.musepolyfill.bgsize.js" crc="4148998990" ref="index:gallery"/>
    <file name="jquery.musemenu.js" crc="3784699396" ref="index:profile:courses:gallery:contact-us"/>
    <file name="webpro.js" crc="242022427" ref="index"/>
    <file name="musewpslideshow.js" crc="457073769" ref="index"/>
    <file name="jquery.museoverlay.js" crc="483674903" ref="index"/>
    <file name="touchswipe.js" crc="4066113679" ref="index"/>
    <file name="musewpdisclosure.js" crc="119288625" ref="index"/>
    <file name="html5shiv.js" crc="4241844378" ref="index:profile:courses:gallery:contact-us"/>
    <file name="require.js" crc="4157109226" ref="index:profile:courses:gallery:contact-us"/>
  </folder>
  <folder name="images">
    <file name="if_home_216242.png" crc="3958246328" ref="index:gallery">
      <caption webpage="index" alt=""/>
      <caption webpage="index" alt=""/>
      <caption webpage="index" alt=""/>
      <caption webpage="index" alt=""/>
      <caption webpage="index" alt=""/>
      <caption webpage="gallery" alt=""/>
      <caption webpage="gallery" alt=""/>
      <caption webpage="gallery" alt=""/>
      <caption webpage="gallery" alt=""/>
      <caption webpage="gallery" alt=""/>
    </file>
    <file name="if_v-31_3162614.png" crc="190722604" ref="index:gallery">
      <caption webpage="index" alt=""/>
      <caption webpage="index" alt=""/>
      <caption webpage="index" alt=""/>
      <caption webpage="gallery" alt=""/>
      <caption webpage="gallery" alt=""/>
      <caption webpage="gallery" alt=""/>
    </file>
    <file name="if_map-location-service-glyph_763214.png" crc="3888642420" ref="index:gallery">
      <caption webpage="index" alt=""/>
      <caption webpage="index" alt=""/>
      <caption webpage="index" alt=""/>
      <caption webpage="gallery" alt=""/>
      <caption webpage="gallery" alt=""/>
      <caption webpage="gallery" alt=""/>
    </file>
    <file name="if_art-gallery_103283.png" crc="291852686" ref="index:gallery">
      <caption webpage="index" alt=""/>
      <caption webpage="index" alt=""/>
      <caption webpage="index" alt=""/>
      <caption webpage="gallery" alt=""/>
      <caption webpage="gallery" alt=""/>
      <caption webpage="gallery" alt=""/>
    </file>
    <file name="if_icon-ios7-contact_211605.png" crc="4017908945" ref="index:gallery">
      <caption webpage="index" alt=""/>
      <caption webpage="index" alt=""/>
      <caption webpage="index" alt=""/>
      <caption webpage="gallery" alt=""/>
      <caption webpage="gallery" alt=""/>
      <caption webpage="gallery" alt=""/>
    </file>
    <file name="britons_logo_emv.png" crc="397273059" seo="true" ref="index:profile:courses:gallery:contact-us">
      <caption webpage="index" alt=""/>
      <caption webpage="courses" alt=""/>
      <caption webpage="contact-us" alt=""/>
      <caption webpage="profile" alt=""/>
      <caption webpage="gallery" alt=""/>
    </file>
    <file name="bg_33_emv.jpg" crc="4120720983" seo="true" ref="index">
      <caption webpage="index" alt=""/>
    </file>
    <file name="dr_ma_ashraf_emv.png" crc="200573792" seo="true" ref="index:profile">
      <caption webpage="index" alt=""/>
      <caption webpage="profile" alt=""/>
    </file>
    <file name="banner-dt-crop-u471.png" crc="3783373712" seo="true" ref="index">
      <caption webpage="index" alt=""/>
    </file>
    <file name="blank.gif" crc="4208392903" ref="index"/>
    <file name="1-1468820054_835x547.jpg" crc="3817165110" seo="true" ref="index">
      <caption webpage="index" alt=""/>
    </file>
    <file name="student-offers-300x270.png" crc="201976474" seo="true" ref="index">
      <caption webpage="index" alt=""/>
    </file>
    <file name="loading.gif" crc="3815509949" ref="index"/>
    <file name="bright-idea.png" crc="4028254649" seo="true" ref="index">
      <caption webpage="index" alt=""/>
    </file>
    <file name="bg_2_emv.jpg" crc="482751617" seo="true" ref="profile">
      <caption webpage="profile" alt=""/>
    </file>
    <file name="bg_12_emv.jpg" crc="316079817" seo="true" ref="courses">
      <caption webpage="courses" alt=""/>
    </file>
    <file name="communication_icon.jpg" crc="4014587871" seo="true" ref="courses">
      <caption webpage="courses" alt=""/>
    </file>
    <file name="reunionesefectivaspng.jpg" crc="4191808701" seo="true" ref="courses">
      <caption webpage="courses" alt=""/>
    </file>
    <file name="b411e157-6fef-42c8-a4f5-92081f0e8a10-crop-u6049.jpg" crc="503277570" seo="true" ref="gallery">
      <caption webpage="gallery" alt=""/>
    </file>
    <file name="photo_2018-08-11_22-40-40.jpg" crc="423467203" seo="true" ref="gallery">
      <caption webpage="gallery" alt=""/>
    </file>
    <file name="photo_2018-08-11_22-40-44.jpg" crc="339994101" seo="true" ref="gallery">
      <caption webpage="gallery" alt=""/>
    </file>
    <file name="photo_2018-08-11_22-40-47.jpg" crc="198154421" seo="true" ref="gallery">
      <caption webpage="gallery" alt=""/>
    </file>
    <file name="photo_2018-08-11_22-40-52.jpg" crc="38698779" seo="true" ref="gallery">
      <caption webpage="gallery" alt=""/>
    </file>
    <file name="hi_tech_texture-wallpaper-1280x800-crop-u6595.jpg" crc="4206887825" seo="true" ref="contact-us">
      <caption webpage="contact-us" alt=""/>
    </file>
    <file name="gps_glyph_convert-512.png" crc="3953445918" seo="true" ref="contact-us">
      <caption webpage="contact-us" alt=""/>
    </file>
    <file name="contacts_emv.png" crc="53085512" seo="true" ref="contact-us">
      <caption webpage="contact-us" alt=""/>
    </file>
    <file name="facebook_emv.png" crc="99135973" seo="true" ref="contact-us">
      <caption webpage="contact-us" alt=""/>
    </file>
    <file name="whatsapp_emv.png" crc="396955510" seo="true" ref="contact-us">
      <caption webpage="contact-us" alt=""/>
    </file>
    <file name="u15105-4.png" crc="403111827" ref="index"/>
    <file name="u15218-4.png" crc="403111827" ref="profile"/>
    <file name="u15157-4.png" crc="403111827" ref="courses"/>
    <file name="u15270-4.png" crc="403111827" ref="contact-us"/>
    <file name="u15881-4.png" crc="403111827" ref="gallery"/>
  </folder>
  <file name="index.html" crc="516465159" seo="true" mt="1536376850223" redirect="true"/>
  <file name="profile.html" crc="4280069534" seo="true" mt="1536377009399" redirect="true"/>
  <file name="courses.html" crc="4040917502" seo="true" mt="1536376882420" redirect="true"/>
  <file name="gallery.html" crc="3760535318" seo="true" mt="1536377179512" redirect="true"/>
  <file name="contact-us.html" crc="216453779" seo="true" mt="1536377004288" redirect="true"/>
</manifest>